{
  "project_info": {
    "project_number": "926988808180",
    "project_id": "smartsocket-24a56",
    "storage_bucket": "smartsocket-24a56.firebasestorage.app"
  },
  "client": [
    {
      "client_info": {
        "mobilesdk_app_id": "1:926988808180:android:84f4999b989e62564013a1",
        "android_client_info": {
          "package_name": "edu.uc.sysarch32.bubuli.smartsocket"
        }
      },
      "oauth_client": [],
      "api_key": [
        {
          "current_key": "AIzaSyA9--rJiDOAwh-1vpiiWesEUoWs1-fhhJU"
        }
      ],
      "services": {
        "appinvite_service": {
          "other_platform_oauth_client": []
        }
      }
    }
  ],
  "configuration_version": "1"
}